fichier	aspects
abricotier.jpg	fleur
achillee-1.jpg	fleur,feuille
achillee-2.jpg	fleur
achillee.jpg	feuille,fleur
ail_des_ours-1.jpg	fleur,feuille
ail_des_ours-2.jpg	feuille,fleur
ail_des_ours.jpg	feuille,fleur
ail_rocambole-1.jpg	fleur
ail_rocambole-2.jpg	fleur
ail_rocambole.jpg	feuille,fleur
ajonc-1.jpg	fleur,port,feuille
ajonc-2.jpg	fleur,feuille
ajonc-fruit-1.jpg	fruit,feuille
ajonc.jpg	fleur,feuille
alisier-1.jpg	fleur,feuille
alisier-2.jpg	fleur,feuille
alisier.jpg	feuille,fleur
alliaire.jpg	feuille,fleur
amandier-1.jpg	fleur
amandier-2.jpg	fruit
amandier.jpg	fruit
amarante.jpg	feuille
amelanchier-1.jpg	fruit,feuille
amelanchier-2.jpg	feuille
amelanchier.jpg	fleur,port
aneth.jpg	fleur,feuille
arbousier-1.jpg	feuille,fleur,fruit
arbousier-2.jpg	fruit,feuille
arbousier.jpg	feuille,fleur,fruit
arbre_de_judee-1.jpg	fleur,feuille
arbre_de_judee-2.jpg	fleur
arbre_de_judee.jpg	fleur,port
argousier-1.jpg	fruit,feuille
argousier-2.jpg	fruit,feuille
argousier.jpg	fruit,port
armoise.jpg	feuille
aronia-1.jpg	fleur,feuille
aronia-2.jpg	fruit,feuille
aronia.jpg	fruit,feuille
artichaut-1.jpg	port,feuille
artichaut-2.jpg	fleur
artichaut.jpg	fleur
arum.jpg	fleur,feuille
asperge.jpg	feuille,fleur
asperule.jpg	fleur,feuille
aubepine-1.jpg	fruit,feuille
aubepine-2.jpg	fruit,feuille
aubepine.jpg	fleur,port
aubergine.jpg	fleur
aulne_glutineux-1.jpg	feuille,fleur
aulne_glutineux-2.jpg	feuille,fleur
aulne_glutineux.jpg	feuille,fruit
avoine.jpg	fleur
bardane.jpg	fleur,feuille
basilic.jpg	feuille,fleur
berce.jpg	fleur,feuille
betterave-1.jpg	fleur
betterave-2.jpg	port,fleur
betterave.jpg	fleur,feuille
blette.jpg	feuille,fleur
bouleau-1.jpg	feuille,fleur
bouleau-2.jpg	port,ecorce
bouleau.jpg	port
bourrache-1.jpg	fleur,feuille
bourrache-2.jpg	fleur
bourrache.jpg	feuille,fleur
bruyere_cendree.jpg	fleur,feuille
bruyere_quatre_angles.jpg	fleur,feuille
buis-1.jpg	feuille,fleur
buis-2.jpg	feuille
buis.jpg	port
callune-1.jpg	fleur
callune-2.jpg	fleur
callune.jpg	fleur
camomille.jpg	fleur
capucine-1.jpg	fleur,feuille
capucine-2.jpg	feuille,fleur
capucine.jpg	fleur,feuille
caragana-1.jpg	fleur,feuille
caragana-2.jpg	fleur,feuille
caragana.jpg	fleur,feuille
cardamine.jpg	fleur
carotte-1.jpg	fleur
carotte-2.jpg	fleur
carotte.jpg	feuille
celeri.jpg	feuille,fleur
cerfeuil.jpg	fleur,feuille
cerisier.jpg	fleur
chalef-1.jpg	feuille,fruit
chalef-2.jpg	feuille,fleur
chalef.jpg	port,feuille
charme-1.jpg	feuille,fruit
charme-2.jpg	feuille
charme.jpg	feuille,fruit
chataignier-1.jpg	fruit,feuille
chataignier-2.jpg	fruit
chataignier.jpg	feuille,fruit
chene_liege-1.jpg	fruit,feuille
chene_liege-2.jpg	ecorce
chene_liege.jpg	port
chene_pedoncule-1.jpg	fruit,feuille
chene_pedoncule-2.jpg	feuille,fruit
chene_pedoncule.jpg	port
chene_pubescent-1.jpg	feuille
chene_pubescent.jpg	port
chene_sessile-1.jpg	feuille
chene_sessile.jpg	port
chene_vert-1.jpg	feuille,fruit
chene_vert-2.jpg	feuille,fruit
chene_vert.jpg	port
chenopode.jpg	feuille,fleur
chevrefeuille_com.jpg	fleur,feuille
chicoree.jpg	fleur
chou-1.jpg	port,feuille
chou-2.jpg	feuille,port
chou.jpg	feuille
chou_daubenton-1.jpg	port
chou_daubenton-2.jpg	feuille,port
chou_daubenton.jpg	feuille,port
ciboulette-1.jpg	feuille,fleur
ciboulette-2.jpg	fleur
ciboulette.jpg	fleur
cigue.jpg	fleur,feuille
claytone-1.jpg	feuille,fleur
claytone-2.jpg	feuille
claytone.jpg	feuille
cognassier-1.jpg	fleur,feuille
cognassier-2.jpg	fruit,feuille
cognassier.jpg	fruit,port
colchique.jpg	fleur
concombre.jpg	fruit,fleur,feuille
consoude-1.jpg	fleur,feuille
consoude.jpg	feuille,fleur
coriandre.jpg	fleur,feuille
cormier-1.jpg	fruit,feuille
cormier-2.jpg	port
cormier.jpg	port
cornouiller_male-1.jpg	fruit,feuille
cornouiller_male-2.jpg	fleur
cornouiller_male.jpg	fleur,feuille,fruit
courge-1.jpg	fruit
courge-2.jpg	fleur,feuille
courge.jpg	fruit
courgette.jpg	fruit
cresson.jpg	fleur,feuille
crosne.jpg	feuille,fleur
digitale.jpg	fleur
egopode.jpg	fleur,feuille
epicea-1.jpg	feuille,fruit
epicea-2.jpg	fruit
epicea.jpg	feuille,fruit
epinard.jpg	feuille
erable_champetre-1.jpg	feuille,fruit
erable_champetre-2.jpg	feuille,fruit
erable_champetre.jpg	feuille
erable_sycomore-1.jpg	port
erable_sycomore-2.jpg	feuille
erable_sycomore.jpg	feuille,fruit
estragon.jpg	feuille,fleur
feijoa.jpg	fleur
fenouil.jpg	fleur
feverole-1.jpg	fleur,feuille
feverole-2.jpg	feuille,port
feverole.jpg	feuille,fleur,fruit
fevier-1.jpg	fleur,feuille
fevier-2.jpg	feuille
fevier.jpg	port
figuier.jpg	feuille
fraisier_des_bois-1.jpg	feuille,fleur
fraisier_des_bois-2.jpg	fleur
fraisier_des_bois.jpg	feuille,fleur,fruit
framboisier-1.jpg	fruit,feuille
framboisier-2.jpg	fruit,feuille
framboisier.jpg	feuille,fruit,ecorce,fleur
frene-1.jpg	feuille
frene-2.jpg	feuille
frene.jpg	feuille,fruit
genet-1.jpg	fleur,port
genet-2.jpg	fleur
genet.jpg	fleur
genevrier-1.jpg	feuille,fruit
genevrier-2.jpg	feuille,fruit
genevrier.jpg	port
goji.jpg	fleur,feuille
grenadier.jpg	fruit,fleur
groseillier-1.jpg	fleur,feuille
groseillier-2.jpg	fleur
groseillier.jpg	fruit,feuille
guimauve.jpg	fleur,feuille
haricot-1.jpg	fleur,feuille
haricot-2.jpg	fleur
haricot.jpg	feuille,fruit
hetre-1.jpg	feuille
hetre-2.jpg	feuille,fruit
hetre.jpg	feuille,fleur,fruit
houx-1.jpg	feuille,fruit
houx-2.jpg	fleur
houx.jpg	feuille,fruit
hysope.jpg	fleur
if-1.jpg	feuille,fruit
if-2.jpg	port
if.jpg	feuille,fruit
jujubier.jpg	fruit,feuille
kiwai-1.jpg	feuille,fleur
kiwai-2.jpg	feuille
kiwai.jpg	fruit
laitue-1.jpg	fleur
laitue-2.jpg	feuille
laitue.jpg	feuille
lamier.jpg	fleur,feuille
laurier_sauce.jpg	feuille,fleur
lavande.jpg	fleur
liveche-1.jpg	fleur,feuille
liveche-2.jpg	feuille
liveche.jpg	feuille
lotier.jpg	fleur,feuille
lupin-1.jpg	fleur,feuille
lupin-2.jpg	fleur
lupin.jpg	fleur,feuille
luzerne-1.jpg	fleur
luzerne-2.jpg	fleur
luzerne.jpg	feuille,fleur
mache.jpg	fleur,feuille
mais.jpg	fruit,feuille
marjolaine.jpg	fleur
mauve.jpg	fleur,feuille
meleze-1.jpg	fruit,feuille
meleze-2.jpg	port
meleze.jpg	port
melilot.jpg	fleur
melisse.jpg	feuille,fleur
menthe-1.jpg	fleur,feuille
menthe-2.jpg	fleur
menthe.jpg	fleur,feuille
merisier-1.jpg	fleur
merisier-2.jpg	fleur,feuille
merisier.jpg	port
micocoulier-1.jpg	feuille,fruit
micocoulier-2.jpg	feuille
micocoulier.jpg	feuille,fruit
millepertuis.jpg	fleur
moutarde.jpg	fleur
muguet.jpg	fleur,feuille
murier-1.jpg	fruit,feuille
murier-2.jpg	fruit,feuille
murier.jpg	feuille,fruit
myrtille-1.jpg	fruit,feuille
myrtille-2.jpg	fleur,feuille
myrtille.jpg	feuille,fruit
navet.jpg	fleur
neflier.jpg	fruit,feuille
noisetier-1.jpg	feuille,fruit
noisetier-2.jpg	fleur
noisetier.jpg	feuille,fruit
noyer-1.jpg	feuille,fruit
noyer-2.jpg	fleur,feuille
noyer.jpg	feuille,fruit
oca-1.jpg	fleur,feuille
oca-2.jpg	feuille,fleur
oca.jpg	feuille,port
oignon-1.jpg	feuille,port
olivier.jpg	fruit,feuille
onagre.jpg	fleur
origan-1.jpg	fleur
origan-2.jpg	fleur,feuille
origan.jpg	fleur,feuille
ortie-1.jpg	feuille,port
ortie-2.jpg	feuille,port
ortie.jpg	feuille,fleur
oseille-1.jpg	fleur
oseille-2.jpg	feuille
oseille.jpg	feuille
panais.jpg	fleur,feuille
paquerette.jpg	fleur
patate_douce.jpg	fleur,feuille
pecher.jpg	fruit,feuille
persil.jpg	fleur,feuille
phacelie-1.jpg	fleur
phacelie-2.jpg	fleur
phacelie.jpg	fleur
pin_maritime-1.jpg	fruit,feuille
pin_maritime-2.jpg	port
pin_maritime.jpg	port
pin_sylvestre-1.jpg	fruit,feuille
pin_sylvestre-2.jpg	port,ecorce
pin_sylvestre.jpg	port,ecorce
pissenlit-1.jpg	fleur
pissenlit-2.jpg	fruit
pissenlit.jpg	fleur,feuille
plantain.jpg	fleur
plaqueminier.jpg	fruit
poire_de_terre-1.jpg	fleur
poireau_perpetuel-1.jpg	fleur
poireau_perpetuel.jpg	fleur
poirier-1.jpg	feuille,fruit
poirier-2.jpg	fleur,feuille
poirier.jpg	fleur,fruit
pois-1.jpg	fleur
pois-2.jpg	fleur
pois.jpg	feuille,fleur,fruit
poivron.jpg	feuille,fruit
pomme_de_terre-1.jpg	fleur,feuille
pommier-1.jpg	fruit,feuille
pommier-2.jpg	fruit
pommier.jpg	fleur,fruit
pourpier.jpg	fleur,feuille
primevere.jpg	fleur
prunellier-1.jpg	fleur
prunellier-2.jpg	fruit,feuille
prunellier.jpg	feuille,fruit
prunier-1.jpg	fleur,feuille
prunier-2.jpg	fruit,feuille
prunier.jpg	feuille,fruit
radis.jpg	fleur
raifort-1.jpg	fleur
raifort-2.jpg	fleur
raifort.jpg	fleur,feuille
rhubarbe-1.jpg	fleur,feuille
rhubarbe-2.jpg	port,feuille
rhubarbe.jpg	feuille
robinier-1.jpg	fleur,feuille
robinier-2.jpg	fleur,feuille
robinier.jpg	feuille,fleur
romarin.jpg	fleur,feuille
ronce-1.jpg	fruit,feuille
ronce-2.jpg	fleur,feuille
ronce.jpg	feuille,fleur,fruit
roquette.jpg	fleur
sainfoin.jpg	fleur
sapin-1.jpg	feuille
sapin-2.jpg	fruit
sapin.jpg	feuille,fruit
sarrasin.jpg	fleur,feuille
sarriette.jpg	feuille,fleur
sauge.jpg	fleur,feuille
saule-1.jpg	fleur
saule-2.jpg	feuille
saule.jpg	feuille,fleur
scorsonere-1.jpg	fleur,feuille
scorsonere-2.jpg	feuille
scorsonere.jpg	feuille
seigle.jpg	fleur
sorbier-1.jpg	fruit,feuille
sorbier-2.jpg	fruit,feuille
sorbier.jpg	feuille,fleur,fruit
souci.jpg	fleur
stellaire.jpg	fleur,feuille
sureau-1.jpg	fleur,feuille
sureau-2.jpg	port,fleur
sureau.jpg	port,fleur
tanaisie-1.jpg	fleur,feuille
tanaisie-2.jpg	feuille
tanaisie.jpg	feuille,fleur
thym.jpg	fleur
tilleul-1.jpg	feuille
tilleul-2.jpg	port
tilleul.jpg	feuille,fleur,fruit
tomate-1.jpg	fleur,feuille
tomate-2.jpg	fruit
tomate.jpg	fruit
topinambour-1.jpg	fleur
topinambour-2.jpg	port,fleur
topinambour.jpg	feuille,fleur
trefle_blanc-1.jpg	fleur,feuille
trefle_blanc-2.jpg	fleur
trefle_blanc.jpg	feuille,fleur
trefle_violet-1.jpg	fleur,feuille
trefle_violet-2.jpg	fleur
trefle_violet.jpg	feuille,fleur
tremble-2.jpg	fleur
tremble.jpg	feuille
valeriane.jpg	fleur,feuille
verveine_citron.jpg	fleur,feuille
vesce-1.jpg	fleur,feuille
vesce-2.jpg	fleur,feuille
vesce.jpg	feuille,fleur,fruit
vigne.jpg	fruit,feuille
violette.jpg	fleur,feuille
